<?xml version="1.0" encoding="UTF-8"?>
<project-private xmlns="http://www.netbeans.org/ns/project-private/1">
    <editor-bookmarks xmlns="http://www.netbeans.org/ns/editor-bookmarks/2" lastBookmarkId="0"/>
    <open-files xmlns="http://www.netbeans.org/ns/projectui-open-files/2">
        <group>
            <file>file:/C:/Users/auxiliar/Documents/NetBeansProjects/ParqueaderoBD/src/Servicios/Conexion.java</file>
            <file>file:/C:/Users/auxiliar/Documents/NetBeansProjects/ParqueaderoBD/src/Modelo/Vehiculo.java</file>
            <file>file:/C:/Users/auxiliar/Documents/NetBeansProjects/ParqueaderoBD/src/Control/Main.java</file>
            <file>file:/C:/Users/auxiliar/Documents/NetBeansProjects/ParqueaderoBD/src/Modelo/VehiculoServicios.java</file>
            <file>file:/C:/Users/auxiliar/Documents/NetBeansProjects/ParqueaderoBD/src/Control/Servicios.java</file>
            <file>file:/C:/Users/auxiliar/Documents/NetBeansProjects/ParqueaderoBD/src/Vista/Parqueadero.java</file>
        </group>
    </open-files>
</project-private>
